{"time": [0.0, 0.00025, 0.0005, 0.00075, 0.001, 0.00125, 0.0015, 0.00175, 0.002, 0.0022500000000000003, 0.0025000000000000005, 0.0027500000000000007, 0.003000000000000001, 0.003250000000000001, 0.0035000000000000014, 0.0037500000000000016, 0.004000000000000002, 0.004250000000000002, 0.004500000000000002, 0.0047500000000000025, 0.005000000000000003], "dt": [0.00025, 0.00025, 0.00025, 0.00025, 0.00025, 0.00025, 0.00025, 0.00025, 0.00025, 0.00025, 0.00025, 0.00025, 0.00025, 0.00025, 0.00025, 0.00025, 0.00025, 0.00025, 0.00025, 0.00025, 0.00025]}